Cites,Authors,Title,Year,Source,Publisher,ArticleURL,CitesURL,GSRank,QueryDate,Type,DOI,ISSN,CitationURL,Volume,Issue,StartPage,EndPage,ECC,CitesPerYear,CitesPerAuthor,AuthorCount,Age
116,"CT Robinson, U Uehlinger","Experimental floods cause ecosystem regime shift in a regulated river",2008,"Ecological Applications","Wiley Online Library","https://esajournals.onlinelibrary.wiley.com/doi/abs/10.1890/07-0886.1","https://scholar.google.com/scholar?cites=14050000793429964892&as_sdt=5,28&sciodt=0,28&hl=en",1,"2019-02-04","","","","",,,,,116,10.55,58,2,11
113,"WA Brock, SR Carpenter","Variance as a leading indicator of regime shift in ecosystem services",2006,"Ecology and Society","JSTOR","https://www.jstor.org/stable/26266001","https://scholar.google.com/scholar?cites=3213700035104108977&as_sdt=5,28&sciodt=0,28&hl=en",2,"2019-02-04","","","","",,,,,113,8.69,57,2,13
41,"LB Brubaker, PE Higuera, TS Rupp, MA Olson, ...","Linking sediment‐charcoal records and ecological modeling to understand causes of fire‐regime change in boreal forests",2009,"Ecology","Wiley Online Library","https://esajournals.onlinelibrary.wiley.com/doi/abs/10.1890/08-0797.1","https://scholar.google.com/scholar?cites=10991590252222969136&as_sdt=5,28&sciodt=0,28&hl=en",3,"2019-02-04","","","","",,,,,41,4.10,8,5,10
34,"TAA Prowse, CN Johnson, CJA Bradshaw, BW Brook","An ecological regime shift resulting from disrupted predator–prey interactions in Holocene Australia",2014,"Ecology","Wiley Online Library","https://esajournals.onlinelibrary.wiley.com/doi/abs/10.1890/13-0746.1","https://scholar.google.com/scholar?cites=17489819373393617947&as_sdt=5,28&sciodt=0,28&hl=en",4,"2019-02-04","","","","",,,,,34,6.80,9,4,5
33,"DJ Wrathall","Migration amidst social-ecological regime shift: The search for stability in Garifuna villages of northern Honduras",2012,"Human Ecology","Springer","https://link.springer.com/article/10.1007/s10745-012-9501-8","https://scholar.google.com/scholar?cites=9271875293545918511&as_sdt=5,28&sciodt=0,28&hl=en",5,"2019-02-04","HTML","","","",,,,,33,4.71,33,1,7
39,"CT Perretti, SB Munch","Regime shift indicators fail under noise levels commonly observed in ecological systems",2012,"Ecological Applications","Wiley Online Library","https://esajournals.onlinelibrary.wiley.com/doi/abs/10.1890/11-0161.1","https://scholar.google.com/scholar?cites=12876828044779432277&as_sdt=5,28&sciodt=0,28&hl=en",6,"2019-02-04","","","","",,,,,39,5.57,20,2,7
26,"C Leigh, B Stewart-Koster, F Sheldon, ...","Understanding multiple ecological responses to anthropogenic disturbance: rivers and potential flow regime change",2012,"Ecological …","Wiley Online Library","https://esajournals.onlinelibrary.wiley.com/doi/abs/10.1890/11-0963.1","https://scholar.google.com/scholar?cites=16138494597013807533&as_sdt=5,28&sciodt=0,28&hl=en",7,"2019-02-04","","","","",,,,,26,3.71,7,4,7
130,"JK Petersen, JW Hansen, MB Laursen, ...","Regime shift in a coastal marine ecosystem",2008,"Ecological …","Wiley Online Library","https://esajournals.onlinelibrary.wiley.com/doi/abs/10.1890/07-0752.1","https://scholar.google.com/scholar?cites=33003448115734543&as_sdt=5,28&sciodt=0,28&hl=en",8,"2019-02-04","","","","",,,,,130,11.82,33,4,11
37,"WA Brock, SR Carpenter","Early warnings of regime shift when the ecosystem structure is unknown",2012,"PLoS One","journals.plos.org","http://journals.plos.org/plosone/article?id=10.1371/journal.pone.0045586","https://scholar.google.com/scholar?cites=1932397946256794474&as_sdt=5,28&sciodt=0,28&hl=en",9,"2019-02-04","HTML","","","",,,,,37,5.29,19,2,7
20,"DA Seekell, TJ Cline, SR Carpenter, ML Pace","Evidence of alternate attractors from a whole-ecosystem regime shift experiment",2013,"Theoretical Ecology","Springer","https://link.springer.com/article/10.1007/s12080-013-0183-7","https://scholar.google.com/scholar?cites=3062221375724908548&as_sdt=5,28&sciodt=0,28&hl=en",10,"2019-02-04","HTML","","","",,,,,20,3.33,5,4,6
17,"JH Vandermeer, I Perfecto","Syndromes of production in agriculture: Prospects for social-ecological regime change",2012,"Ecology and Society","JSTOR","https://www.jstor.org/stable/26269243","https://scholar.google.com/scholar?cites=12627848760820536389&as_sdt=5,28&sciodt=0,28&hl=en",11,"2019-02-04","","","","",,,,,17,2.43,9,2,7
14,"M Yamamichi, T Yoshida, A Sasaki","Timing and propagule size of invasion determine its success by a time‐varying threshold of demographic regime shift",2014,"Ecology","Wiley Online Library","https://esajournals.onlinelibrary.wiley.com/doi/abs/10.1890/13-1527.1","https://scholar.google.com/scholar?cites=2543255381076959278&as_sdt=5,28&sciodt=0,28&hl=en",12,"2019-02-04","","","","",,,,,14,2.80,5,3,5
684,"PJ Anderson, JF Piatt","Community reorganization in the Gulf of Alaska following ocean climate regime shift",1999,"Marine Ecology Progress Series","int-res.com","https://www.int-res.com/abstracts/meps/v189/p117-123/","https://scholar.google.com/scholar?cites=7530761728252093624&as_sdt=5,28&sciodt=0,28&hl=en",13,"2019-02-04","","","","",,,,,684,34.20,342,2,20
56,"TA Minckley, RK Shriver, B Shuman","Resilience and regime change in a southern Rocky Mountain ecosystem during the past 17 000 years",2012,"Ecological Monographs","Wiley Online Library","https://esajournals.onlinelibrary.wiley.com/doi/abs/10.1890/11-0283.1","https://scholar.google.com/scholar?cites=6061961120426975317&as_sdt=5,28&sciodt=0,28&hl=en",14,"2019-02-04","","","","",,,,,56,8.00,19,3,7
210,"T Wernberg, S Bennett, RC Babcock, ...","Climate-driven regime shift of a temperate marine ecosystem",2016,"…","science.sciencemag.org","http://science.sciencemag.org/content/353/6295/169.short","https://scholar.google.com/scholar?cites=15786658992665540196&as_sdt=5,28&sciodt=0,28&hl=en",15,"2019-02-04","","","","",,,,,210,70.00,53,4,3
8,"JA Webb, AH Arthington, JD Olden","Models of ecological responses to flow regime change to inform environmental flows assessments",2017,"Water for the Environment","Elsevier","https://www.sciencedirect.com/science/article/pii/B9780128039076000140","https://scholar.google.com/scholar?cites=2522231244402701617&as_sdt=5,28&sciodt=0,28&hl=en",16,"2019-02-04","","","","",,,,,8,4.00,3,3,2
3,"K Kadowaki, S Nishijima, S Kéfi, KO Kameda, ...","Merging community assembly into the regime-shift approach for informing ecological restoration",2018,"Ecological …","Elsevier","https://www.sciencedirect.com/science/article/pii/S1470160X17307471","https://scholar.google.com/scholar?cites=17792272959696049627&as_sdt=5,28&sciodt=0,28&hl=en",17,"2019-02-04","HTML","","","",,,,,3,3.00,1,5,1
0,"M Dal Bello, L Rindi, L Benedetti‐Cecchi","Temporal clustering of extreme climate events drives a regime shift in rocky intertidal biofilms",2018,"Ecology","Wiley Online Library","https://esajournals.onlinelibrary.wiley.com/doi/abs/10.1002/ecy.2578","",18,"2019-02-04","","","","",,,,,0,0.00,0,3,1
2,"Y Yang, Y Li, F Chen, S Zhang, H Hou","Regime shift and redevelopment of a mining area's socio-ecological system under resilience thinking: a case study in Shanxi Province, China",2018,"Environment, Development and …","Springer","https://link.springer.com/article/10.1007/s10668-018-0139-6","https://scholar.google.com/scholar?cites=544139299078498965&as_sdt=5,28&sciodt=0,28&hl=en",19,"2019-02-04","HTML","","","",,,,,2,2.00,0,5,1
30,"TL Spanbauer, CR Allen, DG Angeler, T Eason, ...","Prolonged instability prior to a regime shift",2014,"PLoS …","journals.plos.org","http://journals.plos.org/plosone/article?id=10.1371/journal.pone.0108936","https://scholar.google.com/scholar?cites=2833064520554641803&as_sdt=5,28&sciodt=0,28&hl=en",20,"2019-02-04","HTML","","","",,,,,30,6.00,6,5,5
27,"KEW Shelden, DJ Rugh, ...","Gray whales born north of Mexico: Indicator of recovery or consequence of regime shift?",2004,"Ecological …","Wiley Online Library","https://onlinelibrary.wiley.com/doi/abs/10.1890/03-5349","https://scholar.google.com/scholar?cites=10137153239677493529&as_sdt=5,28&sciodt=0,28&hl=en",21,"2019-02-04","","","","",,,,,27,1.80,9,3,15
32,"FM Yuan, SH Yi, AD McGuire, KD Johnson, ...","Assessment of boreal forest historical C dynamics in the Yukon River Basin: relative roles of warming and fire regime change",2012,"Ecological …","Wiley Online Library","https://onlinelibrary.wiley.com/doi/abs/10.1890/11-1957.1","https://scholar.google.com/scholar?cites=1615787247165317043&as_sdt=5,28&sciodt=0,28&hl=en",22,"2019-02-04","","","","",,,,,32,4.57,6,5,7
32,"G Gal, W Anderson","A novel approach to detecting a regime shift in a lake ecosystem",2010,"Methods in Ecology and Evolution","Wiley Online Library","https://onlinelibrary.wiley.com/doi/abs/10.1111/j.2041-210X.2009.00006.x","https://scholar.google.com/scholar?cites=3975293342405317282&as_sdt=5,28&sciodt=0,28&hl=en",23,"2019-02-04","","","","",,,,,32,3.56,16,2,9
13,"L Li, FE Fassnacht, I Storch, M Bürgi","Land-use regime shift triggered the recent degradation of alpine pastures in Nyanpo Yutse of the eastern Qinghai-Tibetan Plateau",2017,"Landscape Ecology","Springer","https://link.springer.com/article/10.1007/s10980-017-0510-2","https://scholar.google.com/scholar?cites=14073725313479868659&as_sdt=5,28&sciodt=0,28&hl=en",24,"2019-02-04","HTML","","","",,,,,13,6.50,3,4,2
33,"RM Coutinho, RA Kraenkel, PI Prado","Catastrophic regime shift in water reservoirs and São Paulo water supply crisis",2015,"PloS one","journals.plos.org","http://journals.plos.org/plosone/article?id=10.1371/journal.pone.0138278","https://scholar.google.com/scholar?cites=6349482264686437151&as_sdt=5,28&sciodt=0,28&hl=en",25,"2019-02-04","HTML","","","",,,,,33,8.25,11,3,4
9,"MP Galicia, GW Thiemann, MG Dyck, ...","Dietary habits of polar bears in Foxe Basin, Canada: possible evidence of a trophic regime shift mediated by a new top predator",2016,"Ecology and …","Wiley Online Library","https://onlinelibrary.wiley.com/doi/abs/10.1002/ece3.2173","https://scholar.google.com/scholar?cites=6826615915770967911&as_sdt=5,28&sciodt=0,28&hl=en",26,"2019-02-04","","","","",,,,,9,3.00,2,4,3
40,"JH Steele","From carbon flux to regime shift",1998,"Fisheries Oceanography","Wiley Online Library","https://onlinelibrary.wiley.com/doi/abs/10.1046/j.1365-2419.1998.00069.x","https://scholar.google.com/scholar?cites=3690436136344718566&as_sdt=5,28&sciodt=0,28&hl=en",27,"2019-02-04","","","","",,,,,40,1.90,40,1,21
4,"G Xu, X Xu, W Tang, W Liu, J Shi, M Liu, ...","Fighting against water crisis in China—A glimpse of water regime shift at county level",2016,"Environmental Science & …","Elsevier","https://www.sciencedirect.com/science/article/pii/S1462901116300776","https://scholar.google.com/scholar?cites=11538238762227093701&as_sdt=5,28&sciodt=0,28&hl=en",28,"2019-02-04","","","","",,,,,4,1.33,1,7,3
24,"KG Mäler, CZ Li","Measuring sustainability under regime shift uncertainty: a resilience pricing approach",2010,"Environment and Development Economics","cambridge.org","https://www.cambridge.org/core/journals/environment-and-development-economics/article/measuring-sustainability-under-regime-shift-uncertainty-a-resilience-pricing-approach/4F46491D9D60593BE643CE05954FF842","https://scholar.google.com/scholar?cites=5025563157653366518&as_sdt=5,28&sciodt=0,28&hl=en",29,"2019-02-04","","","","",,,,,24,2.67,12,2,9
1,"PK Dayton, SC Jarrell, S Kim, P Ed Parnell, ...","Benthic responses to an Antarctic regime shift: food particle size and recruitment biology",2019,"Ecological …","Wiley Online Library","https://esajournals.onlinelibrary.wiley.com/doi/abs/10.1002/eap.1823","https://scholar.google.com/scholar?cites=7138797763303002276&as_sdt=5,28&sciodt=0,28&hl=en",30,"2019-02-04","","","","",,,,,1,1.00,0,5,1
16,"LK Blamey, ÉE Plagányi, GM Branch","Was overfishing of predatory fish responsible for a lobster-induced regime shift in the Benguela?",2014,"Ecological modelling","Elsevier","https://www.sciencedirect.com/science/article/pii/S0304380013005401","https://scholar.google.com/scholar?cites=10747308328405095230&as_sdt=5,28&sciodt=0,28&hl=en",31,"2019-02-04","","","","",,,,,16,3.20,5,3,5
13,"PJ Edmunds, HR Lasker","Cryptic regime shift in benthic community structure on shallow reefs in St. John, US Virgin Islands",2016,"Marine Ecology Progress Series","int-res.com","https://www.int-res.com/abstracts/meps/v559/p1-12/","https://scholar.google.com/scholar?cites=1906588991721206956&as_sdt=5,28&sciodt=0,28&hl=en",32,"2019-02-04","","","","",,,,,13,4.33,7,2,3
74,"LW Fritz, S Hinckley","A CRITICAL REVIEW OF THE REGIME SHIFT‐“JUNK FOOD”‐NUTRITIONAL STRESS HYPOTHESIS FOR THE DECLINE OF THE WESTERN STOCK OF STELLER …",2005,"Marine Mammal Science","Wiley Online Library","https://onlinelibrary.wiley.com/doi/abs/10.1111/j.1748-7692.2005.tb01245.x","https://scholar.google.com/scholar?cites=6754708994441283564&as_sdt=5,28&sciodt=0,28&hl=en",33,"2019-02-04","","","","",,,,,74,5.29,37,2,14
0,"QAJP Smol","Regime change",2012,"NATURE-LONDON-","nature.com","https://www.nature.com/articles/483S16a","",34,"2019-02-04","","","","",,,,,0,0.00,0,1,7
1,"X MEI, Y YANG, L SHI, L ZHENG, ...","Regime Shift of Acid Rain Intensity in Area of Shanghai",2010,"Environmental Science & …","en.cnki.com.cn","http://en.cnki.com.cn/Article_en/CJFDTOTAL-FJKS2010S2031.htm","https://scholar.google.com/scholar?cites=16024281866016461219&as_sdt=5,28&sciodt=0,28&hl=en",35,"2019-02-04","","","","",,,,,1,0.11,0,5,9
0,"H Woo, J Kang, HJ Cho, Y Choi, ...","A Preliminary Verification of the Influences of Hydrologic Regime Change and Nutrients Influx on Vegetation Recruitment on Riparian Bars",2015,"Ecology and Resilient …","koreascience.or.kr","http://www.koreascience.or.kr/article/ArticleFullRecord.jsp?cn=OOSTBJ_2015_v2n4_284","",36,"2019-02-04","","","","",,,,,0,0.00,0,5,4
39,"EH Van Nes, T Amaro, M Scheffer, ...","Possible mechanisms for a marine benthic regime shift in the North Sea",2007,"Marine Ecology Progress …","int-res.com","https://www.int-res.com/abstracts/meps/v330/p39-47/","https://scholar.google.com/scholar?cites=7732737867358636849&as_sdt=5,28&sciodt=0,28&hl=en",37,"2019-02-04","","","","",,,,,39,3.25,10,4,12
124,"A Conversi, SF Umani, T Peluso, JC Molinero, ...","The Mediterranean Sea regime shift at the end of the 1980s, and intriguing parallelisms with other European basins",2010,"Plos one","journals.plos.org","http://journals.plos.org/plosone/article?id=10.1371/journal.pone.0010633","https://scholar.google.com/scholar?cites=7841397127569734847&as_sdt=5,28&sciodt=0,28&hl=en",38,"2019-02-04","HTML","","","",,,,,124,13.78,25,5,9
11,"X Kong, L Dong, W He, Q Wang, WM Mooij, F Xu","Estimation of the long-term nutrient budget and thresholds of regime shift for a large shallow lake in China",2015,"Ecological indicators","Elsevier","https://www.sciencedirect.com/science/article/pii/S1470160X14005731","https://scholar.google.com/scholar?cites=12183823513982138836&as_sdt=5,28&sciodt=0,28&hl=en",39,"2019-02-04","","","","",,,,,11,2.75,2,6,4
6,"E Ofir, G Gal, M Goren, J Shapiro, E Spanier","Detecting changes to the functioning of a lake ecosystem following a regime shift based on static food-web models",2016,"Ecological modelling","Elsevier","https://www.sciencedirect.com/science/article/pii/S0304380015003890","https://scholar.google.com/scholar?cites=7725656303146207227&as_sdt=5,28&sciodt=0,28&hl=en",40,"2019-02-04","","","","",,,,,6,2.00,1,5,3
77,"C Savenkoff, M Castonguay, D Chabot, ...","Changes in the northern Gulf of St. Lawrence ecosystem estimated by inverse modelling: evidence of a fishery-induced regime shift?",2007,"… and Shelf Science","Elsevier","https://www.sciencedirect.com/science/article/pii/S0272771407000790","https://scholar.google.com/scholar?cites=8318976819567859942&as_sdt=5,28&sciodt=0,28&hl=en",41,"2019-02-04","","","","",,,,,77,6.42,19,4,12
11,"T Kawasaki","Climate change, regime shift and stock management",2002,"Fisheries science","jstage.jst.go.jp","https://www.jstage.jst.go.jp/article/fishsci1994/68/sup1/68_sup1_148/_article/-char/ja/","https://scholar.google.com/scholar?cites=18223792318618772876&as_sdt=5,28&sciodt=0,28&hl=en",42,"2019-02-04","","","","",,,,,11,0.65,11,1,17
0,"SA Ludsin, KL Pangle, JM Reichert, JT Tyson, ...","Pulse-driven fish population dynamics following a regime shift in Lake Erie",2010,"Ecological Society of …","","","",43,"2019-02-04","CITATION","","","",,,,,0,0.00,0,5,9
53,"SA Hatch","Kittiwake diets and chick production signal a 2008 regime shift in the Northeast Pacific",2013,"Marine Ecology Progress Series","int-res.com","https://www.int-res.com/abstracts/meps/v477/p271-284/","https://scholar.google.com/scholar?cites=10347884653112009924&as_sdt=5,28&sciodt=0,28&hl=en",44,"2019-02-04","","","","",,,,,53,8.83,53,1,6
18,"D Pillay, GM Branch, AT Forbes","Habitat change in an estuarine embayment: anthropogenic influences and a regime shift in biotic interactions",2008,"Marine Ecology Progress Series","int-res.com","https://www.int-res.com/abstracts/meps/v370/p19-31/","https://scholar.google.com/scholar?cites=2635662157598544158&as_sdt=5,28&sciodt=0,28&hl=en",45,"2019-02-04","","","","",,,,,18,1.64,6,3,11
17,"J Zhang, SJ Mayor, F He","Does disturbance regime change community assembly of angiosperm plant communities in the boreal forest?",2014,"Journal of Plant Ecology","academic.oup.com","https://academic.oup.com/jpe/article-abstract/7/2/188/932135","https://scholar.google.com/scholar?cites=4430204466715313808&as_sdt=5,28&sciodt=0,28&hl=en",46,"2019-02-04","","","","",,,,,17,3.40,6,3,5
42,"SC Banks, EJ Knight, L McBurney, D Blair, ...","The effects of wildfire on mortality and resources for an arboreal marsupial: resilience to fire events but susceptibility to fire regime change",2011,"PloS one","journals.plos.org","http://journals.plos.org/plosone/article?id=10.1371/journal.pone.0022952","https://scholar.google.com/scholar?cites=12335974446475315112&as_sdt=5,28&sciodt=0,28&hl=en",47,"2019-02-04","HTML","","","",,,,,42,5.25,8,5,8
0,"H Liu, C Gao, G Wang","Understand the resilience and regime shift of the wetland ecosystem after human disturbances",2018,"Science of the total environment","Elsevier","https://www.sciencedirect.com/science/article/pii/S0048969718323520","",48,"2019-02-04","","","","",,,,,0,0.00,0,3,1
7,"T Nishida, DG Chen, M Mohri","Fuzzy logic analyses for the spawner-recruitment relationship of bigeye tuna (Thunnus obesus) in the Indian Ocean incorporating the environmental regime shift",2007,"ecological modelling","Elsevier","https://www.sciencedirect.com/science/article/pii/S0304380006005643","https://scholar.google.com/scholar?cites=223582759674531137&as_sdt=5,28&sciodt=0,28&hl=en",49,"2019-02-04","","","","",,,,,7,0.58,2,3,12
4,"GAK Van Voorn, BW Kooi, AK Bregt","Over-shading is critical for inducing a regime shift from heathland to grassland under nitrogen enrichment",2016,"Ecological complexity","Elsevier","https://www.sciencedirect.com/science/article/pii/S1476945X15000811","https://scholar.google.com/scholar?cites=14351619278032584312&as_sdt=5,28&sciodt=0,28&hl=en",50,"2019-02-04","","","","",,,,,4,1.33,1,3,3
46,"C Ibáñez, C Alcaraz, N Caiola, A Rovira, ...","Regime shift from phytoplankton to macrophyte dominance in a large river: top-down versus bottom-up effects",2012,"… of the Total Environment","Elsevier","https://www.sciencedirect.com/science/article/pii/S004896971101374X","https://scholar.google.com/scholar?cites=8244494028431847515&as_sdt=5,28&sciodt=0,28&hl=en",51,"2019-02-04","","","","",,,,,46,6.57,9,5,7
3,"J Kotta, T Wernberg, H Jänes, I Kotta, K Nurkse, ...","Novel crab predator causes marine ecosystem regime shift",2018,"Scientific reports","nature.com","https://www.nature.com/articles/s41598-018-23282-w","https://scholar.google.com/scholar?cites=584970201947656188&as_sdt=5,28&sciodt=0,28&hl=en",52,"2019-02-04","HTML","","","",,,,,3,3.00,1,6,1
109,"L Ljunggren, A Sandström, U Bergström, ...","Recruitment failure of coastal predatory fish in the Baltic Sea coincident with an offshore ecosystem regime shift",2010,"… of Marine Science","academic.oup.com","https://academic.oup.com/icesjms/article-abstract/67/8/1587/608411","https://scholar.google.com/scholar?cites=14190112432974230971&as_sdt=5,28&sciodt=0,28&hl=en",53,"2019-02-04","","","","",,,,,109,12.11,27,4,9
71,"CD Sayer, DJ Hoare, GL Simpson, ...","TBT causes regime shift in shallow lakes",2006,"… Science & …","ACS Publications","https://pubs.acs.org/doi/abs/10.1021/es060161o","https://scholar.google.com/scholar?cites=11282635704583901411&as_sdt=5,28&sciodt=0,28&hl=en",54,"2019-02-04","","","","",,,,,71,5.46,18,4,13
28,"LK Blamey, GM Branch","Regime shift of a kelp-forest benthic community induced by an 'invasion'of the rock lobster Jasus lalandii",2012,"… of Experimental Marine Biology and Ecology","Elsevier","https://www.sciencedirect.com/science/article/pii/S0022098112001001","https://scholar.google.com/scholar?cites=16768501223638151031&as_sdt=5,28&sciodt=0,28&hl=en",55,"2019-02-04","","","","",,,,,28,4.00,14,2,7
17,"LK Blamey, ÉE Plagányi, ...","Modeling a regime shift in a kelp forest ecosystem caused by a lobster range expansion",2013,"… of Marine Science","ingentaconnect.com","https://www.ingentaconnect.com/content/umrsmas/bullmar/2013/00000089/00000001/art00017","https://scholar.google.com/scholar?cites=6939066120381020927&as_sdt=5,28&sciodt=0,28&hl=en",56,"2019-02-04","","","","",,,,,17,2.83,6,3,6
10,"MT Tomczak, GE Dinesen, E Hoffmann, M Maar, ...","Integrated trend assessment of ecosystem changes in the Limfjord (Denmark): Evidence of a recent regime shift?",2013,"… and Shelf Science","Elsevier","https://www.sciencedirect.com/science/article/pii/S027277141200443X","https://scholar.google.com/scholar?cites=2396546996679283013&as_sdt=5,28&sciodt=0,28&hl=en",57,"2019-02-04","","","","",,,,,10,1.67,2,5,6
79,"PJ Anderson","Pandalid shrimp as indicators of ecosystem regime shift",2000,"Journal of Northwest Atlantic Fishery Science","webpages.uidaho.edu","http://www.webpages.uidaho.edu/fish510/PDF/ShrimpAnderson.pdf","https://scholar.google.com/scholar?cites=12856045384449643588&as_sdt=5,28&sciodt=0,28&hl=en",58,"2019-02-04","PDF","","","",,,,,79,4.16,79,1,19
1,"Y Wang, W Wang, Z Wang, G Li, Y Liu","Regime shift in Lake Dianchi (China) during the last 50 years",2018,"Journal of Oceanology and …","Springer","https://link.springer.com/article/10.1007/s00343-018-7171-0","https://scholar.google.com/scholar?cites=14112211489939183384&as_sdt=5,28&sciodt=0,28&hl=en",59,"2019-02-04","","","","",,,,,1,1.00,0,5,1
24,"A Auber, M Travers-Trolet, MC Villanueva, B Ernande","Regime shift in an exploited fish community related to natural climate oscillations",2015,"PloS one","journals.plos.org","http://journals.plos.org/plosone/article?id=10.1371/journal.pone.0129883","https://scholar.google.com/scholar?cites=654278829988849780&as_sdt=5,28&sciodt=0,28&hl=en",60,"2019-02-04","HTML","","","",,,,,24,6.00,6,4,4
15,"AS Engel, AA Gupta","Regime shift in sandy beach microbial communities following Deepwater Horizon oil spill remediation efforts",2014,"PloS one","journals.plos.org","http://journals.plos.org/plosone/article?id=10.1371/journal.pone.0102934","https://scholar.google.com/scholar?cites=8852798092703334218&as_sdt=5,28&sciodt=0,28&hl=en",61,"2019-02-04","HTML","","","",,,,,15,3.00,8,2,5
29,"JJ Elser, TJ Elser, SR Carpenter, WA Brock","Regime shift in fertilizer commodities indicates more turbulence ahead for food security",2014,"PLoS One","journals.plos.org","http://journals.plos.org/plosone/article?id=10.1371/journal.pone.0093998","https://scholar.google.com/scholar?cites=11643742914168259994&as_sdt=5,28&sciodt=0,28&hl=en",62,"2019-02-04","HTML","","","",,,,,29,5.80,7,4,5
3,"JG Brida, AL Mayer, C McCord, LF Punzo","A theoretical, multidisciplinary view of catastrophic regime change",2011,"Dynamics, Games and Science …","Springer","https://link.springer.com/chapter/10.1007/978-3-642-14788-3_16","https://scholar.google.com/scholar?cites=15632949851127727965&as_sdt=5,28&sciodt=0,28&hl=en",63,"2019-02-04","","","","",,,,,3,0.38,1,4,8
25,"T Hamazaki, L Fair, L Watson, ...","Analyses of Bering Sea bottom-trawl surveys in Norton Sound: absence of regime shift effect on epifauna and demersal fish",2005,"… of Marine Science","academic.oup.com","https://academic.oup.com/icesjms/article-abstract/62/8/1597/790193","https://scholar.google.com/scholar?cites=9267928903567457357&as_sdt=5,28&sciodt=0,28&hl=en",64,"2019-02-04","","","","",,,,,25,1.79,6,4,14
15,"VM Santana, JG Alday, MJ Baeza","Effects of fire regime shift in Mediterranean Basin ecosystems: changes in soil seed bank composition among functional types",2014,"Plant ecology","Springer","https://link.springer.com/article/10.1007/s11258-014-0323-1","https://scholar.google.com/scholar?cites=3265356536972144115&as_sdt=5,28&sciodt=0,28&hl=en",65,"2019-02-04","HTML","","","",,,,,15,3.00,5,3,5
5,"YS Kang","Seasonal variation in zooplankton related to north Pacific Regime Shift in Korea Sea",2008,"Korean Journal of Fisheries and Aquatic Sciences","koreascience.or.kr","http://www.koreascience.or.kr/article/ArticleFullRecord.jsp?cn=KSSHBC_2008_v41n6_493","https://scholar.google.com/scholar?cites=5738763017077075245&as_sdt=5,28&sciodt=0,28&hl=en",66,"2019-02-04","","","","",,,,,5,0.45,5,1,11
9,"EL Ng, C Bandow, DN Proença, S Santos, ...","Does altered rainfall regime change pesticide effects in soil? A terrestrial model ecosystem study from Mediterranean Portugal on the effects of pyrimethanil to soil …",2014,"Applied soil ecology","Elsevier","https://www.sciencedirect.com/science/article/pii/S092913931400211X","https://scholar.google.com/scholar?cites=14745077538235083326&as_sdt=5,28&sciodt=0,28&hl=en",67,"2019-02-04","","","","",,,,,9,1.80,2,5,5
15,"F Yuan, R Depew, C Soltis-Muth","Ecosystem regime change inferred from the distribution of trace metals in Lake Erie sediments",2014,"Scientific reports","nature.com","https://www.nature.com/articles/srep07265","https://scholar.google.com/scholar?cites=4429331006925825065&as_sdt=5,28&sciodt=0,28&hl=en",68,"2019-02-04","HTML","","","",,,,,15,3.00,5,3,5
11,"N Wouters, V Dakos, M Edwards, MP Serafim, ...","Evidencing a regime shift in the North Sea using early-warning signals as indicators of critical transitions",2015,"… and Shelf Science","Elsevier","https://www.sciencedirect.com/science/article/pii/S0272771414003199","https://scholar.google.com/scholar?cites=6114632773097433948&as_sdt=5,28&sciodt=0,28&hl=en",69,"2019-02-04","","","","",,,,,11,2.75,2,5,4
40,"H Kidokoro, T Goto, T Nagasawa, ...","Impact of a climate regime shift on the migration of Japanese common squid (Todarodes pacificus) in the Sea of Japan",2010,"… of Marine Science","academic.oup.com","https://academic.oup.com/icesjms/article-abstract/67/7/1314/662573","https://scholar.google.com/scholar?cites=10259784420765520831&as_sdt=5,28&sciodt=0,28&hl=en",70,"2019-02-04","","","","",,,,,40,4.44,10,4,9
0,"H Nishikawa, EN Curchitser, J Fiechter, ...","Using a climate-to-fishery model to simulate the influence of the 1976–1977 regime shift on anchovy and sardine in the California Current System",2019,"… and Planetary Science","Springer","https://link.springer.com/article/10.1186/s40645-019-0257-2","",71,"2019-02-04","HTML","","","",,,,,0,0.00,0,4,1
0,"LKD Kristof","The East European Gypsies: Regime Change, Marginality, and Ethnopolitics. By Zoltan Barany. Cambridge: Cambridge University Press, 2001. 384p. $70.00 cloth …",2002,"American Political Science Review","cambridge.org","https://www.cambridge.org/core/journals/american-political-science-review/article/east-european-gypsies-regime-change-marginality-and-ethnopolitics-by-zoltan-barany-cambridge-cambridge-university-press-2001-384p-7000-cloth-2500-paper/246870F710AD0B326B64FFAB7BD903CB","",72,"2019-02-04","","","","",,,,,0,0.00,0,1,17
10,"CI ZHANG, SC YOON","Effects of climatic regime shift on the structure of marine ecosystem in the southwestern East Sea during the 1970s",2003,"Korean Journal of Fisheries and Aquatic …","koreascience.or.kr","http://www.koreascience.or.kr/article/ArticleFullRecord.jsp?cn=KSSHBC_2003_v36n4_389","https://scholar.google.com/scholar?cites=8583816992964702246&as_sdt=5,28&sciodt=0,28&hl=en",73,"2019-02-04","","","","",,,,,10,0.63,5,2,16
9,"K Reinsberger, T Brudermann, ...","The Role of Photovoltaics in Energy Transition‐Assessing the Prospects for a Regime Shift",2015,"GAIA-Ecological …","ingentaconnect.com","https://www.ingentaconnect.com/content/oekom/gaia/2015/00000024/00000001/art00010","https://scholar.google.com/scholar?cites=16430931756419868835&as_sdt=5,28&sciodt=0,28&hl=en",74,"2019-02-04","","","","",,,,,9,2.25,3,3,4
11,"L Werbeloff, RR Brown, D Loorbach","Pathways of system transformation: Strategic agency to support regime change",2016,"Environmental Science & Policy","Elsevier","https://www.sciencedirect.com/science/article/pii/S1462901116305457","https://scholar.google.com/scholar?cites=9660433826691784268&as_sdt=5,28&sciodt=0,28&hl=en",75,"2019-02-04","","","","",,,,,11,3.67,4,3,3
10,"M Santhanam-Martin, M Ayre, R Nettle","Community sustainability and agricultural landscape change: insights into the durability and vulnerability of the productivist regime",2015,"Sustainability Science","Springer","https://link.springer.com/article/10.1007/s11625-014-0268-2","https://scholar.google.com/scholar?cites=16976163431710837069&as_sdt=5,28&sciodt=0,28&hl=en",76,"2019-02-04","HTML","","","",,,,,10,2.50,3,3,4
0,"Y Yang, TFM Chui","Combined ecohydrological effects of wind regime change and land reclamation on a tidal marsh in semi-enclosed bay",2018,"Ecological Engineering","Elsevier","https://www.sciencedirect.com/science/article/pii/S0925857418303707","",77,"2019-02-04","","","","",,,,,0,0.00,0,2,1
95,"HE Hale","Regime change cascades: What we have learned from the 1848 revolutions to the 2011 Arab uprisings",2013,"Annual Review of Political Science","annualreviews.org","https://www.annualreviews.org/doi/abs/10.1146/annurev-polisci-032211-212204","https://scholar.google.com/scholar?cites=3375245878805030946&as_sdt=5,28&sciodt=0,28&hl=en",78,"2019-02-04","","","","",,,,,95,15.83,95,1,6
32,"C Papadaki, K Soulis, R Muñoz-Mas, ...","Potential impacts of climate change on flow regime and fish habitat in mountain rivers of the south-western Balkans",2016,"… of the Total Environment","Elsevier","https://www.sciencedirect.com/science/article/pii/S0048969715303338","https://scholar.google.com/scholar?cites=9898858271193069935&as_sdt=5,28&sciodt=0,28&hl=en",79,"2019-02-04","","","","",,,,,32,10.67,8,4,3
1,"KD Friedland, MJ Miller, B Knights","Ocean-climate change, regime shifts and possible impacts on the recruitment of the European eel, Anguilla anguilla",2007,"ICES Journal of Marine Science","ices.dk","http://www.ices.dk/sites/pub/CM%20Doccuments/2006/C/C1806.pdf","https://scholar.google.com/scholar?cites=7565831677009897807&as_sdt=5,28&sciodt=0,28&hl=en",80,"2019-02-04","PDF","","","",,,,,1,0.08,0,3,12
2,"A Saab","A legal inquiry into hunger and climate change: climate-ready seeds in the neoliberal food regime",2015,"","etheses.lse.ac.uk","http://etheses.lse.ac.uk/id/eprint/3201","https://scholar.google.com/scholar?cites=3305556763559494257&as_sdt=5,28&sciodt=0,28&hl=en",81,"2019-02-04","","","","",,,,,2,0.50,2,1,4
278,"S Rodionov, JE Overland","Application of a sequential regime shift detection method to the Bering Sea ecosystem",2005,"ICES Journal of Marine Science","academic.oup.com","https://academic.oup.com/icesjms/article-abstract/62/3/328/658905","https://scholar.google.com/scholar?cites=8928710937267702446&as_sdt=5,28&sciodt=0,28&hl=en",1,"2019-02-04","","","","",,,,,278,19.86,139,2,14
210,"T Wernberg, S Bennett, RC Babcock, ...","Climate-driven regime shift of a temperate marine ecosystem",2016,"…","science.sciencemag.org","http://science.sciencemag.org/content/353/6295/169.short","https://scholar.google.com/scholar?cites=15786658992665540196&as_sdt=5,28&sciodt=0,28&hl=en",2,"2019-02-04","","","","",,,,,210,70.00,53,4,3
113,"WA Brock, SR Carpenter","Variance as a leading indicator of regime shift in ecosystem services",2006,"Ecology and Society","JSTOR","https://www.jstor.org/stable/26266001","https://scholar.google.com/scholar?cites=3213700035104108977&as_sdt=5,28&sciodt=0,28&hl=en",3,"2019-02-04","","","","",,,,,113,8.69,57,2,13
116,"CT Robinson, U Uehlinger","Experimental floods cause ecosystem regime shift in a regulated river",2008,"Ecological Applications","Wiley Online Library","https://esajournals.onlinelibrary.wiley.com/doi/abs/10.1890/07-0886.1","https://scholar.google.com/scholar?cites=14050000793429964892&as_sdt=5,28&sciodt=0,28&hl=en",4,"2019-02-04","","","","",,,,,116,10.55,58,2,11
130,"JK Petersen, JW Hansen, MB Laursen, ...","Regime shift in a coastal marine ecosystem",2008,"Ecological …","Wiley Online Library","https://esajournals.onlinelibrary.wiley.com/doi/abs/10.1890/07-0752.1","https://scholar.google.com/scholar?cites=33003448115734543&as_sdt=5,28&sciodt=0,28&hl=en",5,"2019-02-04","","","","",,,,,130,11.82,33,4,11
77,"C Savenkoff, M Castonguay, D Chabot, ...","Changes in the northern Gulf of St. Lawrence ecosystem estimated by inverse modelling: evidence of a fishery-induced regime shift?",2007,"… and Shelf Science","Elsevier","https://www.sciencedirect.com/science/article/pii/S0272771407000790","https://scholar.google.com/scholar?cites=8318976819567859942&as_sdt=5,28&sciodt=0,28&hl=en",6,"2019-02-04","","","","",,,,,77,6.42,19,4,12
109,"L Ljunggren, A Sandström, U Bergström, ...","Recruitment failure of coastal predatory fish in the Baltic Sea coincident with an offshore ecosystem regime shift",2010,"… of Marine Science","academic.oup.com","https://academic.oup.com/icesjms/article-abstract/67/8/1587/608411","https://scholar.google.com/scholar?cites=14190112432974230971&as_sdt=5,28&sciodt=0,28&hl=en",7,"2019-02-04","","","","",,,,,109,12.11,27,4,9
37,"WA Brock, SR Carpenter","Early warnings of regime shift when the ecosystem structure is unknown",2012,"PLoS One","journals.plos.org","http://journals.plos.org/plosone/article?id=10.1371/journal.pone.0045586","https://scholar.google.com/scholar?cites=1932397946256794474&as_sdt=5,28&sciodt=0,28&hl=en",8,"2019-02-04","HTML","","","",,,,,37,5.29,19,2,7
79,"PJ Anderson","Pandalid shrimp as indicators of ecosystem regime shift",2000,"Journal of Northwest Atlantic Fishery Science","webpages.uidaho.edu","http://www.webpages.uidaho.edu/fish510/PDF/ShrimpAnderson.pdf","https://scholar.google.com/scholar?cites=12856045384449643588&as_sdt=5,28&sciodt=0,28&hl=en",9,"2019-02-04","PDF","","","",,,,,79,4.16,79,1,19
32,"G Gal, W Anderson","A novel approach to detecting a regime shift in a lake ecosystem",2010,"Methods in Ecology and Evolution","Wiley Online Library","https://onlinelibrary.wiley.com/doi/abs/10.1111/j.2041-210X.2009.00006.x","https://scholar.google.com/scholar?cites=3975293342405317282&as_sdt=5,28&sciodt=0,28&hl=en",10,"2019-02-04","","","","",,,,,32,3.56,16,2,9
41,"LB Brubaker, PE Higuera, TS Rupp, MA Olson, ...","Linking sediment‐charcoal records and ecological modeling to understand causes of fire‐regime change in boreal forests",2009,"Ecology","Wiley Online Library","https://esajournals.onlinelibrary.wiley.com/doi/abs/10.1890/08-0797.1","https://scholar.google.com/scholar?cites=10991590252222969136&as_sdt=5,28&sciodt=0,28&hl=en",11,"2019-02-04","","","","",,,,,41,4.10,8,5,10
55,"S Muhonen, V Julliand, JE Lindberg, ...","Effects on the equine colon ecosystem of grass silage and haylage diets after an abrupt change from hay 1",2009,"… of animal science","dl.sciencesocieties.org","https://dl.sciencesocieties.org/publications/jas/pdfs/87/7/0872291","https://scholar.google.com/scholar?cites=6387184909924578320&as_sdt=5,28&sciodt=0,28&hl=en",12,"2019-02-04","","","","",,,,,55,5.50,14,4,10
39,"CT Perretti, SB Munch","Regime shift indicators fail under noise levels commonly observed in ecological systems",2012,"Ecological Applications","Wiley Online Library","https://esajournals.onlinelibrary.wiley.com/doi/abs/10.1890/11-0161.1","https://scholar.google.com/scholar?cites=12876828044779432277&as_sdt=5,28&sciodt=0,28&hl=en",13,"2019-02-04","","","","",,,,,39,5.57,20,2,7
56,"TA Minckley, RK Shriver, B Shuman","Resilience and regime change in a southern Rocky Mountain ecosystem during the past 17 000 years",2012,"Ecological Monographs","Wiley Online Library","https://esajournals.onlinelibrary.wiley.com/doi/abs/10.1890/11-0283.1","https://scholar.google.com/scholar?cites=6061961120426975317&as_sdt=5,28&sciodt=0,28&hl=en",14,"2019-02-04","","","","",,,,,56,8.00,19,3,7
146,"Z Liu, Y Wang, R Gallimore, F Gasse, T Johnson, ...","Simulating the transient evolution and abrupt change of Northern Africa atmosphere–ocean–terrestrial ecosystem in the Holocene",2007,"Quaternary Science …","Elsevier","https://www.sciencedirect.com/science/article/pii/S0277379107000674","https://scholar.google.com/scholar?cites=10600986245838591177&as_sdt=5,28&sciodt=0,28&hl=en",15,"2019-02-04","","","","",,,,,146,12.17,24,6,12
33,"DJ Wrathall","Migration amidst social-ecological regime shift: The search for stability in Garifuna villages of northern Honduras",2012,"Human Ecology","Springer","https://link.springer.com/article/10.1007/s10745-012-9501-8","https://scholar.google.com/scholar?cites=9271875293545918511&as_sdt=5,28&sciodt=0,28&hl=en",16,"2019-02-04","HTML","","","",,,,,33,4.71,33,1,7
684,"PJ Anderson, JF Piatt","Community reorganization in the Gulf of Alaska following ocean climate regime shift",1999,"Marine Ecology Progress Series","int-res.com","https://www.int-res.com/abstracts/meps/v189/p117-123/","https://scholar.google.com/scholar?cites=7530761728252093624&as_sdt=5,28&sciodt=0,28&hl=en",17,"2019-02-04","","","","",,,,,684,34.20,342,2,20
20,"DA Seekell, TJ Cline, SR Carpenter, ML Pace","Evidence of alternate attractors from a whole-ecosystem regime shift experiment",2013,"Theoretical Ecology","Springer","https://link.springer.com/article/10.1007/s12080-013-0183-7","https://scholar.google.com/scholar?cites=3062221375724908548&as_sdt=5,28&sciodt=0,28&hl=en",18,"2019-02-04","HTML","","","",,,,,20,3.33,5,4,6
26,"C Leigh, B Stewart-Koster, F Sheldon, ...","Understanding multiple ecological responses to anthropogenic disturbance: rivers and potential flow regime change",2012,"Ecological …","Wiley Online Library","https://esajournals.onlinelibrary.wiley.com/doi/abs/10.1890/11-0963.1","https://scholar.google.com/scholar?cites=16138494597013807533&as_sdt=5,28&sciodt=0,28&hl=en",19,"2019-02-04","","","","",,,,,26,3.71,7,4,7
39,"AR Solow, AR Beet","A test for a regime shift",2005,"Fisheries Oceanography","Wiley Online Library","https://onlinelibrary.wiley.com/doi/abs/10.1111/j.1365-2419.2005.00329.x","https://scholar.google.com/scholar?cites=7740555087071010980&as_sdt=5,28&sciodt=0,28&hl=en",20,"2019-02-04","","","","",,,,,39,2.79,20,2,14
10,"MT Tomczak, GE Dinesen, E Hoffmann, M Maar, ...","Integrated trend assessment of ecosystem changes in the Limfjord (Denmark): Evidence of a recent regime shift?",2013,"… and Shelf Science","Elsevier","https://www.sciencedirect.com/science/article/pii/S027277141200443X","https://scholar.google.com/scholar?cites=2396546996679283013&as_sdt=5,28&sciodt=0,28&hl=en",21,"2019-02-04","","","","",,,,,10,1.67,2,5,6
17,"LK Blamey, ÉE Plagányi, ...","Modeling a regime shift in a kelp forest ecosystem caused by a lobster range expansion",2013,"… of Marine Science","ingentaconnect.com","https://www.ingentaconnect.com/content/umrsmas/bullmar/2013/00000089/00000001/art00017","https://scholar.google.com/scholar?cites=6939066120381020927&as_sdt=5,28&sciodt=0,28&hl=en",22,"2019-02-04","","","","",,,,,17,2.83,6,3,6
15,"F Yuan, R Depew, C Soltis-Muth","Ecosystem regime change inferred from the distribution of trace metals in Lake Erie sediments",2014,"Scientific reports","nature.com","https://www.nature.com/articles/srep07265","https://scholar.google.com/scholar?cites=4429331006925825065&as_sdt=5,28&sciodt=0,28&hl=en",23,"2019-02-04","HTML","","","",,,,,15,3.00,5,3,5
17,"JH Vandermeer, I Perfecto","Syndromes of production in agriculture: Prospects for social-ecological regime change",2012,"Ecology and Society","JSTOR","https://www.jstor.org/stable/26269243","https://scholar.google.com/scholar?cites=12627848760820536389&as_sdt=5,28&sciodt=0,28&hl=en",24,"2019-02-04","","","","",,,,,17,2.43,9,2,7
9,"EL Ng, C Bandow, DN Proença, S Santos, ...","Does altered rainfall regime change pesticide effects in soil? A terrestrial model ecosystem study from Mediterranean Portugal on the effects of pyrimethanil to soil …",2014,"Applied soil ecology","Elsevier","https://www.sciencedirect.com/science/article/pii/S092913931400211X","https://scholar.google.com/scholar?cites=14745077538235083326&as_sdt=5,28&sciodt=0,28&hl=en",25,"2019-02-04","","","","",,,,,9,1.80,2,5,5
21,"JK Nielsen, Y Shen, S Piasecki, L Stemmerik","No abrupt change in redox condition caused the end-Permian marine ecosystem collapse in the East Greenland Basin",2010,"Earth and Planetary Science …","Elsevier","https://www.sciencedirect.com/science/article/pii/S0012821X10000063","https://scholar.google.com/scholar?cites=920145255075721276&as_sdt=5,28&sciodt=0,28&hl=en",26,"2019-02-04","","","","",,,,,21,2.33,5,4,9
6,"E Ofir, G Gal, M Goren, J Shapiro, E Spanier","Detecting changes to the functioning of a lake ecosystem following a regime shift based on static food-web models",2016,"Ecological modelling","Elsevier","https://www.sciencedirect.com/science/article/pii/S0304380015003890","https://scholar.google.com/scholar?cites=7725656303146207227&as_sdt=5,28&sciodt=0,28&hl=en",27,"2019-02-04","","","","",,,,,6,2.00,1,5,3
16,"ZF Yang, SW Yu, H Chen, DX She","Model for defining environmental flow thresholds of spring flood period using abrupt habitat change analysis",2010,"Advances in Water Science","en.cnki.com.cn","http://en.cnki.com.cn/Article_en/CJFDTOTAL-SKXJ201004020.htm","https://scholar.google.com/scholar?cites=11642725077342986683&as_sdt=5,28&sciodt=0,28&hl=en",28,"2019-02-04","","","","",,,,,16,1.78,4,4,9
8,"JA Webb, AH Arthington, JD Olden","Models of ecological responses to flow regime change to inform environmental flows assessments",2017,"Water for the Environment","Elsevier","https://www.sciencedirect.com/science/article/pii/B9780128039076000140","https://scholar.google.com/scholar?cites=2522231244402701617&as_sdt=5,28&sciodt=0,28&hl=en",29,"2019-02-04","","","","",,,,,8,4.00,3,3,2
7,"Z Ratajczak, SR Carpenter, AR Ives, ...","Abrupt change in ecological systems: inference and diagnosis",2018,"Trends in ecology & …","Elsevier","https://www.sciencedirect.com/science/article/pii/S0169534718300910","https://scholar.google.com/scholar?cites=778089558671636352&as_sdt=5,28&sciodt=0,28&hl=en",30,"2019-02-04","","","","",,,,,7,7.00,2,4,1
11,"X Kong, L Dong, W He, Q Wang, WM Mooij, F Xu","Estimation of the long-term nutrient budget and thresholds of regime shift for a large shallow lake in China",2015,"Ecological indicators","Elsevier","https://www.sciencedirect.com/science/article/pii/S1470160X14005731","https://scholar.google.com/scholar?cites=12183823513982138836&as_sdt=5,28&sciodt=0,28&hl=en",31,"2019-02-04","","","","",,,,,11,2.75,2,6,4
124,"A Conversi, SF Umani, T Peluso, JC Molinero, ...","The Mediterranean Sea regime shift at the end of the 1980s, and intriguing parallelisms with other European basins",2010,"Plos one","journals.plos.org","http://journals.plos.org/plosone/article?id=10.1371/journal.pone.0010633","https://scholar.google.com/scholar?cites=7841397127569734847&as_sdt=5,28&sciodt=0,28&hl=en",32,"2019-02-04","HTML","","","",,,,,124,13.78,25,5,9
74,"LW Fritz, S Hinckley","A CRITICAL REVIEW OF THE REGIME SHIFT‐“JUNK FOOD”‐NUTRITIONAL STRESS HYPOTHESIS FOR THE DECLINE OF THE WESTERN STOCK OF STELLER …",2005,"Marine Mammal Science","Wiley Online Library","https://onlinelibrary.wiley.com/doi/abs/10.1111/j.1748-7692.2005.tb01245.x","https://scholar.google.com/scholar?cites=6754708994441283564&as_sdt=5,28&sciodt=0,28&hl=en",33,"2019-02-04","","","","",,,,,74,5.29,37,2,14
7,"T Nishida, DG Chen, M Mohri","Fuzzy logic analyses for the spawner-recruitment relationship of bigeye tuna (Thunnus obesus) in the Indian Ocean incorporating the environmental regime shift",2007,"ecological modelling","Elsevier","https://www.sciencedirect.com/science/article/pii/S0304380006005643","https://scholar.google.com/scholar?cites=223582759674531137&as_sdt=5,28&sciodt=0,28&hl=en",34,"2019-02-04","","","","",,,,,7,0.58,2,3,12
4,"MO Tanaka, J de Fátima Fernandes, CM Suga, ...","Abrupt change of a stream ecosystem function along a sugarcane-forest transition: Integrating riparian and in-stream characteristics",2015,"… & Environment","Elsevier","https://www.sciencedirect.com/science/article/pii/S0167880915001462","https://scholar.google.com/scholar?cites=16338239465962332920&as_sdt=5,28&sciodt=0,28&hl=en",35,"2019-02-04","","","","",,,,,4,1.00,1,4,4
26,"L Yan, S Chen, J Xia, Y Luo","Precipitation regime shift enhanced the rain pulse effect on soil respiration in a semi-arid steppe",2014,"PloS one","journals.plos.org","http://journals.plos.org/plosone/article?id=10.1371/journal.pone.0104217","https://scholar.google.com/scholar?cites=719379097094689496&as_sdt=5,28&sciodt=0,28&hl=en",36,"2019-02-04","HTML","","","",,,,,26,5.20,7,4,5
30,"TL Spanbauer, CR Allen, DG Angeler, T Eason, ...","Prolonged instability prior to a regime shift",2014,"PLoS …","journals.plos.org","http://journals.plos.org/plosone/article?id=10.1371/journal.pone.0108936","https://scholar.google.com/scholar?cites=2833064520554641803&as_sdt=5,28&sciodt=0,28&hl=en",37,"2019-02-04","HTML","","","",,,,,30,6.00,6,5,5
11,"N Wouters, V Dakos, M Edwards, MP Serafim, ...","Evidencing a regime shift in the North Sea using early-warning signals as indicators of critical transitions",2015,"… and Shelf Science","Elsevier","https://www.sciencedirect.com/science/article/pii/S0272771414003199","https://scholar.google.com/scholar?cites=6114632773097433948&as_sdt=5,28&sciodt=0,28&hl=en",38,"2019-02-04","","","","",,,,,11,2.75,2,5,4
1,"S Alvarez-Fernandez","The North Sea plankton regime shift in the late 1990s: Comment on Beaugrand et al.(2014)",2014,"Marine Ecology Progress Series","int-res.com","https://www.int-res.com/abstracts/meps/v514/p279-280/","https://scholar.google.com/scholar?cites=92390622041099942&as_sdt=5,28&sciodt=0,28&hl=en",39,"2019-02-04","","","","",,,,,1,0.20,1,1,5
32,"FM Yuan, SH Yi, AD McGuire, KD Johnson, ...","Assessment of boreal forest historical C dynamics in the Yukon River Basin: relative roles of warming and fire regime change",2012,"Ecological …","Wiley Online Library","https://onlinelibrary.wiley.com/doi/abs/10.1890/11-1957.1","https://scholar.google.com/scholar?cites=1615787247165317043&as_sdt=5,28&sciodt=0,28&hl=en",40,"2019-02-04","","","","",,,,,32,4.57,6,5,7
104,"JW Williams, JL Blois, BN Shuman","Extrinsic and intrinsic forcing of abrupt ecological change: case studies from the late Quaternary",2011,"Journal of Ecology","Wiley Online Library","https://onlinelibrary.wiley.com/doi/abs/10.1111/j.1365-2745.2011.01810.x","https://scholar.google.com/scholar?cites=14338081450111758410&as_sdt=5,28&sciodt=0,28&hl=en",41,"2019-02-04","","","","",,,,,104,13.00,35,3,8
0,"M Dal Bello, L Rindi, L Benedetti‐Cecchi","Temporal clustering of extreme climate events drives a regime shift in rocky intertidal biofilms",2018,"Ecology","Wiley Online Library","https://esajournals.onlinelibrary.wiley.com/doi/abs/10.1002/ecy.2578","",42,"2019-02-04","","","","",,,,,0,0.00,0,3,1
3,"J Kotta, T Wernberg, H Jänes, I Kotta, K Nurkse, ...","Novel crab predator causes marine ecosystem regime shift",2018,"Scientific reports","nature.com","https://www.nature.com/articles/s41598-018-23282-w","https://scholar.google.com/scholar?cites=584970201947656188&as_sdt=5,28&sciodt=0,28&hl=en",43,"2019-02-04","HTML","","","",,,,,3,3.00,1,6,1
2,"Y Yang, Y Li, F Chen, S Zhang, H Hou","Regime shift and redevelopment of a mining area's socio-ecological system under resilience thinking: a case study in Shanxi Province, China",2018,"Environment, Development and …","Springer","https://link.springer.com/article/10.1007/s10668-018-0139-6","https://scholar.google.com/scholar?cites=544139299078498965&as_sdt=5,28&sciodt=0,28&hl=en",44,"2019-02-04","HTML","","","",,,,,2,2.00,0,5,1
0,"H Liu, C Gao, G Wang","Understand the resilience and regime shift of the wetland ecosystem after human disturbances",2018,"Science of the total environment","Elsevier","https://www.sciencedirect.com/science/article/pii/S0048969718323520","",45,"2019-02-04","","","","",,,,,0,0.00,0,3,1
0,"SA Ludsin, KL Pangle, JM Reichert, JT Tyson, ...","Pulse-driven fish population dynamics following a regime shift in Lake Erie",2010,"Ecological Society of …","","","",46,"2019-02-04","CITATION","","","",,,,,0,0.00,0,5,9
56,"N Kettridge, MR Turetsky, JH Sherwood, ...","Moderate drop in water table increases peatland vulnerability to post-fire regime shift",2015,"Scientific Reports","nature.com","https://www.nature.com/articles/srep08063","https://scholar.google.com/scholar?cites=695804786985968314&as_sdt=5,28&sciodt=0,28&hl=en",47,"2019-02-04","HTML","","","",,,,,56,14.00,14,4,4
53,"SA Hatch","Kittiwake diets and chick production signal a 2008 regime shift in the Northeast Pacific",2013,"Marine Ecology Progress Series","int-res.com","https://www.int-res.com/abstracts/meps/v477/p271-284/","https://scholar.google.com/scholar?cites=10347884653112009924&as_sdt=5,28&sciodt=0,28&hl=en",48,"2019-02-04","","","","",,,,,53,8.83,53,1,6
27,"E Batllori, JM Blanco‐Moreno, JM Ninot, ...","Vegetation patterns at the alpine treeline ecotone: the influence of tree cover on abrupt change in species composition of alpine communities",2009,"… of vegetation science","Wiley Online Library","https://esajournals.onlinelibrary.wiley.com/doi/abs/10.1111/j.1654-1103.2009.01085.x","https://scholar.google.com/scholar?cites=4137115999088040810&as_sdt=5,28&sciodt=0,28&hl=en",49,"2019-02-04","","","","",,,,,27,2.70,7,4,10
24,"KG Mäler, CZ Li","Measuring sustainability under regime shift uncertainty: a resilience pricing approach",2010,"Environment and Development Economics","cambridge.org","https://www.cambridge.org/core/journals/environment-and-development-economics/article/measuring-sustainability-under-regime-shift-uncertainty-a-resilience-pricing-approach/4F46491D9D60593BE643CE05954FF842","https://scholar.google.com/scholar?cites=5025563157653366518&as_sdt=5,28&sciodt=0,28&hl=en",50,"2019-02-04","","","","",,,,,24,2.67,12,2,9
40,"JH Steele","From carbon flux to regime shift",1998,"Fisheries Oceanography","Wiley Online Library","https://onlinelibrary.wiley.com/doi/abs/10.1046/j.1365-2419.1998.00069.x","https://scholar.google.com/scholar?cites=3690436136344718566&as_sdt=5,28&sciodt=0,28&hl=en",51,"2019-02-04","","","","",,,,,40,1.90,40,1,21
42,"SC Banks, EJ Knight, L McBurney, D Blair, ...","The effects of wildfire on mortality and resources for an arboreal marsupial: resilience to fire events but susceptibility to fire regime change",2011,"PloS one","journals.plos.org","http://journals.plos.org/plosone/article?id=10.1371/journal.pone.0022952","https://scholar.google.com/scholar?cites=12335974446475315112&as_sdt=5,28&sciodt=0,28&hl=en",52,"2019-02-04","HTML","","","",,,,,42,5.25,8,5,8
0,"X LIU, H NING, J DU, J YAN","Temperature abrupt change and disaster effects in Xi'an City in recent 56 years",2009,"… Land Resources and Environment","en.cnki.com.cn","http://en.cnki.com.cn/Article_en/CJFDTOTAL-GHZH200911016.htm","",53,"2019-02-04","","","","",,,,,0,0.00,0,4,10
28,"BP Murphy, GJ Williamson, ...","Did central Australian megafaunal extinction coincide with abrupt ecosystem collapse or gradual climate change?",2012,"Global Ecology and …","Wiley Online Library","https://onlinelibrary.wiley.com/doi/full/10.1111/j.1466-8238.2011.00668.x","https://scholar.google.com/scholar?cites=10973967585636862689&as_sdt=5,28&sciodt=0,28&hl=en",54,"2019-02-04","HTML","","","",,,,,28,4.00,9,3,7
16,"LK Blamey, ÉE Plagányi, GM Branch","Was overfishing of predatory fish responsible for a lobster-induced regime shift in the Benguela?",2014,"Ecological modelling","Elsevier","https://www.sciencedirect.com/science/article/pii/S0304380013005401","https://scholar.google.com/scholar?cites=10747308328405095230&as_sdt=5,28&sciodt=0,28&hl=en",55,"2019-02-04","","","","",,,,,16,3.20,5,3,5
13,"PJ Edmunds, HR Lasker","Cryptic regime shift in benthic community structure on shallow reefs in St. John, US Virgin Islands",2016,"Marine Ecology Progress Series","int-res.com","https://www.int-res.com/abstracts/meps/v559/p1-12/","https://scholar.google.com/scholar?cites=1906588991721206956&as_sdt=5,28&sciodt=0,28&hl=en",56,"2019-02-04","","","","",,,,,13,4.33,7,2,3
0,"WD Hansen, MG Turner","Origins of abrupt change? Postfire subalpine conifer regeneration declines nonlinearly with warming and drying",2018,"Ecological Monographs","Wiley Online Library","https://esajournals.onlinelibrary.wiley.com/doi/abs/10.1002/ecm.1340","",57,"2019-02-04","","","","",,,,,0,0.00,0,2,1
3,"RL Muenich, I Chaubey, M Pyron","Evaluating potential water quality drivers of a fish regime shift in the Wabash River using the SWAT model",2016,"Ecological modelling","Elsevier","https://www.sciencedirect.com/science/article/pii/S0304380016304033","https://scholar.google.com/scholar?cites=9720078754030719722&as_sdt=5,28&sciodt=0,28&hl=en",58,"2019-02-04","","","","",,,,,3,1.00,1,3,3
21,"X Yi, G Li, Y Yin","Temperature variation and abrupt change analysis in the Three-River Headwaters Region during 1961–2010",2012,"Journal of Geographical Sciences","Springer","https://link.springer.com/article/10.1007/s11442-012-0939-9","https://scholar.google.com/scholar?cites=2464889741931855793&as_sdt=5,28&sciodt=0,28&hl=en",59,"2019-02-04","","","","",,,,,21,3.00,7,3,7
46,"C Ibáñez, C Alcaraz, N Caiola, A Rovira, ...","Regime shift from phytoplankton to macrophyte dominance in a large river: top-down versus bottom-up effects",2012,"… of the Total Environment","Elsevier","https://www.sciencedirect.com/science/article/pii/S004896971101374X","https://scholar.google.com/scholar?cites=8244494028431847515&as_sdt=5,28&sciodt=0,28&hl=en",60,"2019-02-04","","","","",,,,,46,6.57,9,5,7
17,"J Zhang, SJ Mayor, F He","Does disturbance regime change community assembly of angiosperm plant communities in the boreal forest?",2014,"Journal of Plant Ecology","academic.oup.com","https://academic.oup.com/jpe/article-abstract/7/2/188/932135","https://scholar.google.com/scholar?cites=4430204466715313808&as_sdt=5,28&sciodt=0,28&hl=en",61,"2019-02-04","","","","",,,,,17,3.40,6,3,5
13,"L Li, FE Fassnacht, I Storch, M Bürgi","Land-use regime shift triggered the recent degradation of alpine pastures in Nyanpo Yutse of the eastern Qinghai-Tibetan Plateau",2017,"Landscape Ecology","Springer","https://link.springer.com/article/10.1007/s10980-017-0510-2","https://scholar.google.com/scholar?cites=14073725313479868659&as_sdt=5,28&sciodt=0,28&hl=en",62,"2019-02-04","HTML","","","",,,,,13,6.50,3,4,2
71,"CD Sayer, DJ Hoare, GL Simpson, ...","TBT causes regime shift in shallow lakes",2006,"Environmental …","ACS Publications","https://pubs.acs.org/doi/abs/10.1021/es060161o","https://scholar.google.com/scholar?cites=11282635704583901411&as_sdt=5,28&sciodt=0,28&hl=en",63,"2019-02-04","","","","",,,,,71,5.46,18,4,13
27,"KEW Shelden, DJ Rugh, ...","Gray whales born north of Mexico: Indicator of recovery or consequence of regime shift?",2004,"Ecological …","Wiley Online Library","https://onlinelibrary.wiley.com/doi/abs/10.1890/03-5349","https://scholar.google.com/scholar?cites=10137153239677493529&as_sdt=5,28&sciodt=0,28&hl=en",64,"2019-02-04","","","","",,,,,27,1.80,9,3,15
1,"Y Wang, W Wang, Z Wang, G Li, Y Liu","Regime shift in Lake Dianchi (China) during the last 50 years",2018,"Journal of Oceanology and …","Springer","https://link.springer.com/article/10.1007/s00343-018-7171-0","https://scholar.google.com/scholar?cites=14112211489939183384&as_sdt=5,28&sciodt=0,28&hl=en",65,"2019-02-04","","","","",,,,,1,1.00,0,5,1
25,"T Hamazaki, L Fair, L Watson, ...","Analyses of Bering Sea bottom-trawl surveys in Norton Sound: absence of regime shift effect on epifauna and demersal fish",2005,"… of Marine Science","academic.oup.com","https://academic.oup.com/icesjms/article-abstract/62/8/1597/790193","https://scholar.google.com/scholar?cites=9267928903567457357&as_sdt=5,28&sciodt=0,28&hl=en",66,"2019-02-04","","","","",,,,,25,1.79,6,4,14
39,"EH Van Nes, T Amaro, M Scheffer, ...","Possible mechanisms for a marine benthic regime shift in the North Sea",2007,"Marine Ecology Progress …","int-res.com","https://www.int-res.com/abstracts/meps/v330/p39-47/","https://scholar.google.com/scholar?cites=7732737867358636849&as_sdt=5,28&sciodt=0,28&hl=en",67,"2019-02-04","","","","",,,,,39,3.25,10,4,12
34,"TAA Prowse, CN Johnson, CJA Bradshaw, BW Brook","An ecological regime shift resulting from disrupted predator–prey interactions in Holocene Australia",2014,"Ecology","Wiley Online Library","https://esajournals.onlinelibrary.wiley.com/doi/abs/10.1890/13-0746.1","https://scholar.google.com/scholar?cites=17489819373393617947&as_sdt=5,28&sciodt=0,28&hl=en",68,"2019-02-04","","","","",,,,,34,6.80,9,4,5
15,"S Muhonen, M Connysson, JE Lindberg, ...","Effects of crude protein intake from grass silage-only diets on the equine colon ecosystem after an abrupt feed change",2008,"… of animal science","academic.oup.com","https://academic.oup.com/jas/article-abstract/86/12/3465/4790188","https://scholar.google.com/scholar?cites=7428097514592252214&as_sdt=5,28&sciodt=0,28&hl=en",69,"2019-02-04","","","","",,,,,15,1.36,4,4,11
4,"FB Schwing, R Mendelssohn, SJ Bograd","When did the 1976 regime shift occur",2004,"North Pacific Marine Science …","pices.int","https://pices.int/publications/presentations/PICES_13/PICES_13_S1/SCHWING.pdf","https://scholar.google.com/scholar?cites=1250579687666454154&as_sdt=5,28&sciodt=0,28&hl=en",70,"2019-02-04","PDF","","","",,,,,4,0.27,1,3,15
4,"E Gabriel, D Allard","Evaluating the sampling pattern when detecting zones of abrupt change",2008,"Environmental and ecological statistics","Springer","https://link.springer.com/article/10.1007/s10651-007-0067-3","https://scholar.google.com/scholar?cites=17923581998480985365&as_sdt=5,28&sciodt=0,28&hl=en",71,"2019-02-04","","","","",,,,,4,0.36,2,2,11
33,"RM Coutinho, RA Kraenkel, PI Prado","Catastrophic regime shift in water reservoirs and São Paulo water supply crisis",2015,"PloS one","journals.plos.org","http://journals.plos.org/plosone/article?id=10.1371/journal.pone.0138278","https://scholar.google.com/scholar?cites=6349482264686437151&as_sdt=5,28&sciodt=0,28&hl=en",72,"2019-02-04","HTML","","","",,,,,33,8.25,11,3,4
29,"JJ Elser, TJ Elser, SR Carpenter, WA Brock","Regime shift in fertilizer commodities indicates more turbulence ahead for food security",2014,"PLoS One","journals.plos.org","http://journals.plos.org/plosone/article?id=10.1371/journal.pone.0093998","https://scholar.google.com/scholar?cites=11643742914168259994&as_sdt=5,28&sciodt=0,28&hl=en",73,"2019-02-04","HTML","","","",,,,,29,5.80,7,4,5
2,"X ZHANG, J Li, XJ Yao, MP Sun","Characteristics of precipitation variation and the abrupt change over Qinghai in recent 45 years",2012,"… Resources and Environment","en.cnki.com.cn","http://en.cnki.com.cn/Article_en/CJFDTOTAL-GHZH201205003.htm","https://scholar.google.com/scholar?cites=4150802086245739025&as_sdt=5,28&sciodt=0,28&hl=en",74,"2019-02-04","","","","",,,,,2,0.29,1,4,7
25,"H Sun, Y Chen, W Li, F Li, Y Chen, X Hao, ...","Variation and abrupt change of climate in Ili River Basin, Xinjiang",2010,"Journal of Geographical …","Springer","https://link.springer.com/article/10.1007/s11442-010-0802-9","https://scholar.google.com/scholar?cites=17165223561888857608&as_sdt=5,28&sciodt=0,28&hl=en",75,"2019-02-04","","","","",,,,,25,2.78,4,7,9
24,"J Carstensen, RJ Telford, HJB Birks","Diatom flickering prior to regime shift",2013,"Nature","nature.com","https://www.nature.com/articles/nature12272","https://scholar.google.com/scholar?cites=8217042258291753312&as_sdt=5,28&sciodt=0,28&hl=en",76,"2019-02-04","","","","",,,,,24,4.00,8,3,6
3,"P Grimm, V Julliand, C Philippeau, ...","Effect of yeast supplementation on hindgut microbiota and digestibility of horses subjected to an abrupt change of hays",2016,"Livestock Science","Elsevier","https://www.sciencedirect.com/science/article/pii/S1871141315300482","https://scholar.google.com/scholar?cites=3789995780153730597&as_sdt=5,28&sciodt=0,28&hl=en",77,"2019-02-04","","","","",,,,,3,1.00,1,4,3
18,"D Pillay, GM Branch, AT Forbes","Habitat change in an estuarine embayment: anthropogenic influences and a regime shift in biotic interactions",2008,"Marine Ecology Progress Series","int-res.com","https://www.int-res.com/abstracts/meps/v370/p19-31/","https://scholar.google.com/scholar?cites=2635662157598544158&as_sdt=5,28&sciodt=0,28&hl=en",78,"2019-02-04","","","","",,,,,18,1.64,6,3,11
14,"M Yamamichi, T Yoshida, A Sasaki","Timing and propagule size of invasion determine its success by a time‐varying threshold of demographic regime shift",2014,"Ecology","Wiley Online Library","https://esajournals.onlinelibrary.wiley.com/doi/abs/10.1890/13-1527.1","https://scholar.google.com/scholar?cites=2543255381076959278&as_sdt=5,28&sciodt=0,28&hl=en",79,"2019-02-04","","","","",,,,,14,2.80,5,3,5
0,"H Woo, J Kang, HJ Cho, Y Choi, ...","A Preliminary Verification of the Influences of Hydrologic Regime Change and Nutrients Influx on Vegetation Recruitment on Riparian Bars",2015,"Ecology and Resilient …","koreascience.or.kr","http://www.koreascience.or.kr/article/ArticleFullRecord.jsp?cn=OOSTBJ_2015_v2n4_284","",80,"2019-02-04","","","","",,,,,0,0.00,0,5,4
4,"GAK Van Voorn, BW Kooi, AK Bregt","Over-shading is critical for inducing a regime shift from heathland to grassland under nitrogen enrichment",2016,"Ecological complexity","Elsevier","https://www.sciencedirect.com/science/article/pii/S1476945X15000811","https://scholar.google.com/scholar?cites=14351619278032584312&as_sdt=5,28&sciodt=0,28&hl=en",81,"2019-02-04","","","","",,,,,4,1.33,1,3,3
0,"Y Yang, TFM Chui","Combined ecohydrological effects of wind regime change and land reclamation on a tidal marsh in semi-enclosed bay",2018,"Ecological Engineering","Elsevier","https://www.sciencedirect.com/science/article/pii/S0925857418303707","",82,"2019-02-04","","","","",,,,,0,0.00,0,2,1
0,"T Jin, LI Xia","ANALYSIS ON SANDSTORM CHANGING CHARACTERISTICS AND ABRUPT CHANGE IN KUCHE, XINJIANG",2011,"Journal of Jinggangshan University (Natural Science)","en.cnki.com.cn","http://en.cnki.com.cn/Article_en/CJFDTOTAL-JGSS201102016.htm","",83,"2019-02-04","","","","",,,,,0,0.00,0,2,8
15,"AS Engel, AA Gupta","Regime shift in sandy beach microbial communities following Deepwater Horizon oil spill remediation efforts",2014,"PloS one","journals.plos.org","http://journals.plos.org/plosone/article?id=10.1371/journal.pone.0102934","https://scholar.google.com/scholar?cites=8852798092703334218&as_sdt=5,28&sciodt=0,28&hl=en",84,"2019-02-04","HTML","","","",,,,,15,3.00,8,2,5
2,"M Zhang, J Xu, LA Hansson","Local environment overrides regional climate influence on regime shift in a north temperate lake",2015,"Aquatic ecology","Springer","https://link.springer.com/article/10.1007/s10452-015-9509-4","https://scholar.google.com/scholar?cites=3624285527121830250&as_sdt=5,28&sciodt=0,28&hl=en",85,"2019-02-04","HTML","","","",,,,,2,0.50,1,3,4
4,"G Xu, X Xu, W Tang, W Liu, J Shi, M Liu, ...","Fighting against water crisis in China—A glimpse of water regime shift at county level",2016,"Environmental Science & …","Elsevier","https://www.sciencedirect.com/science/article/pii/S1462901116300776","https://scholar.google.com/scholar?cites=11538238762227093701&as_sdt=5,28&sciodt=0,28&hl=en",86,"2019-02-04","","","","",,,,,4,1.33,1,7,3
9,"MP Galicia, GW Thiemann, MG Dyck, ...","Dietary habits of polar bears in Foxe Basin, Canada: possible evidence of a trophic regime shift mediated by a new top predator",2016,"Ecology and …","Wiley Online Library","https://onlinelibrary.wiley.com/doi/abs/10.1002/ece3.2173","https://scholar.google.com/scholar?cites=6826615915770967911&as_sdt=5,28&sciodt=0,28&hl=en",87,"2019-02-04","","","","",,,,,9,3.00,2,4,3
57,"T Tamura, GD Williams, AD Fraser, ...","Potential regime shift in decreased sea ice production after the Mertz Glacier calving",2012,"Nature communications","nature.com","https://www.nature.com/articles/ncomms1820","https://scholar.google.com/scholar?cites=2396775505295596013&as_sdt=5,28&sciodt=0,28&hl=en",88,"2019-02-04","HTML","","","",,,,,57,8.14,14,4,7
28,"LK Blamey, GM Branch","Regime shift of a kelp-forest benthic community induced by an 'invasion'of the rock lobster Jasus lalandii",2012,"… of Experimental Marine Biology and Ecology","Elsevier","https://www.sciencedirect.com/science/article/pii/S0022098112001001","https://scholar.google.com/scholar?cites=16768501223638151031&as_sdt=5,28&sciodt=0,28&hl=en",89,"2019-02-04","","","","",,,,,28,4.00,14,2,7
1,"H HUO, P LIU, Y MA","Regional characteristics of climatic change trend and abrupt change in Ningxia plain oasis",2010,"… of Arid Land Resources and Environment","en.cnki.com.cn","http://en.cnki.com.cn/Article_en/CJFDTOTAL-GHZH201012020.htm","https://scholar.google.com/scholar?cites=13898342879978050636&as_sdt=5,28&sciodt=0,28&hl=en",90,"2019-02-04","","","","",,,,,1,0.11,0,3,9
1,"PK Dayton, SC Jarrell, S Kim, P Ed Parnell, ...","Benthic responses to an Antarctic regime shift: food particle size and recruitment biology",2019,"Ecological …","Wiley Online Library","https://esajournals.onlinelibrary.wiley.com/doi/abs/10.1002/eap.1823","https://scholar.google.com/scholar?cites=7138797763303002276&as_sdt=5,28&sciodt=0,28&hl=en",91,"2019-02-04","","","","",,,,,1,1.00,0,5,1
12,"Y Tian, K Nashida, H Sakaji","… trend of spear squid Loligo bleekeri in the Japan Sea and the Pacific Ocean with special reference to the latitudinal differences in response to the climate regime shift",2013,"ICES Journal of Marine Science","academic.oup.com","https://academic.oup.com/icesjms/article-abstract/70/5/968/644467","https://scholar.google.com/scholar?cites=2149740858047873076&as_sdt=5,28&sciodt=0,28&hl=en",92,"2019-02-04","","","","",,,,,12,2.00,4,3,6
15,"VM Santana, JG Alday, MJ Baeza","Effects of fire regime shift in Mediterranean Basin ecosystems: changes in soil seed bank composition among functional types",2014,"Plant ecology","Springer","https://link.springer.com/article/10.1007/s11258-014-0323-1","https://scholar.google.com/scholar?cites=3265356536972144115&as_sdt=5,28&sciodt=0,28&hl=en",93,"2019-02-04","HTML","","","",,,,,15,3.00,5,3,5
11,"T Kawasaki","Climate change, regime shift and stock management",2002,"Fisheries science","jstage.jst.go.jp","https://www.jstage.jst.go.jp/article/fishsci1994/68/sup1/68_sup1_148/_article/-char/ja/","https://scholar.google.com/scholar?cites=18223792318618772876&as_sdt=5,28&sciodt=0,28&hl=en",94,"2019-02-04","","","","",,,,,11,0.65,11,1,17
24,"A Auber, M Travers-Trolet, MC Villanueva, B Ernande","Regime shift in an exploited fish community related to natural climate oscillations",2015,"PloS one","journals.plos.org","http://journals.plos.org/plosone/article?id=10.1371/journal.pone.0129883","https://scholar.google.com/scholar?cites=654278829988849780&as_sdt=5,28&sciodt=0,28&hl=en",95,"2019-02-04","HTML","","","",,,,,24,6.00,6,4,4
2,"YMY Tandon","CLIMATE ABRUPT CHANGE AND THE PROGRESS OF ITS STUDY [J]",1999,"EXPLORATION OF NATURE","en.cnki.com.cn","http://en.cnki.com.cn/Article_en/CJFDTOTAL-DZRT902.006.htm","https://scholar.google.com/scholar?cites=7307758973732098229&as_sdt=5,28&sciodt=0,28&hl=en",96,"2019-02-04","","","","",,,,,2,0.10,2,1,20
1,"CM Briggs","Environmental security, abrupt climate change and strategic intelligence",2009,"… Global Energy and Environment Strategic Ecosystem","researchgate.net","https://www.researchgate.net/profile/Chad_Briggs2/publication/239580016_Environmental_security_abrupt_climate_change_and_strategic_intelligence/links/554b67e90cf21ed213593875.pdf","https://scholar.google.com/scholar?cites=18033736999476907213&as_sdt=5,28&sciodt=0,28&hl=en",97,"2019-02-04","PDF","","","",,,,,1,0.10,1,1,10
2,"HJ Li, WY Mao, Y Zhao, J Li","Trend and abrupt change of surface vapor over Tarim Basin in recent 47 a.",2010,"Arid Land Geography","cabdirect.org","https://www.cabdirect.org/cabdirect/abstract/20113369623","https://scholar.google.com/scholar?cites=17204393510026619560&as_sdt=5,28&sciodt=0,28&hl=en",98,"2019-02-04","","","","",,,,,2,0.22,1,4,9
2,"X ZHOU, C ZHAO, X ZHANG, Y WANG, ...","Climate change characteristics and abrupt change analysis for Liaoning province, 1961~ 2009 [J]",2013,"… and Environment","en.cnki.com.cn","http://en.cnki.com.cn/Article_en/CJFDTOTAL-GHZH201310016.htm","https://scholar.google.com/scholar?cites=2995703401729760566&as_sdt=5,28&sciodt=0,28&hl=en",99,"2019-02-04","","","","",,,,,2,0.33,0,5,6
1285,"RB Alley, J Marotzke, WD Nordhaus, JT Overpeck, ...","Abrupt climate change",2003,"…","science.sciencemag.org","http://science.sciencemag.org/content/299/5615/2005.short","https://scholar.google.com/scholar?cites=10793761582119703604&as_sdt=5,28&sciodt=0,28&hl=en",100,"2019-02-04","","","","",,,,,1285,80.31,257,5,16
3,"JG Brida, AL Mayer, C McCord, LF Punzo","A theoretical, multidisciplinary view of catastrophic regime change",2011,"Dynamics, Games and Science …","Springer","https://link.springer.com/chapter/10.1007/978-3-642-14788-3_16","https://scholar.google.com/scholar?cites=15632949851127727965&as_sdt=5,28&sciodt=0,28&hl=en",101,"2019-02-04","","","","",,,,,3,0.38,1,4,8
5,"R Mautz","The transformation of the German electricity sector: Neither abrupt change nor continuous path",2010,"… world: what and where are the future social science …","sofi-goettingen.de","http://www.sofi-goettingen.de/fileadmin/Ruediger_Mautz/Material/Transformation_of_the_German_electricity_sector.pdf","https://scholar.google.com/scholar?cites=706836947913510952&as_sdt=5,28&sciodt=0,28&hl=en",102,"2019-02-04","PDF","","","",,,,,5,0.56,5,1,9
9,"K Reinsberger, T Brudermann, ...","The Role of Photovoltaics in Energy Transition‐Assessing the Prospects for a Regime Shift",2015,"GAIA-Ecological …","ingentaconnect.com","https://www.ingentaconnect.com/content/oekom/gaia/2015/00000024/00000001/art00010","https://scholar.google.com/scholar?cites=16430931756419868835&as_sdt=5,28&sciodt=0,28&hl=en",103,"2019-02-04","","","","",,,,,9,2.25,3,3,4
0,"AM Sugden","Reversing a regime shift (or not)",2017,"Science","science.sciencemag.org","http://science.sciencemag.org/content/358/6370/1552.6.abstract","",104,"2019-02-04","","","","",,,,,0,0.00,0,1,2
11,"L Werbeloff, RR Brown, D Loorbach","Pathways of system transformation: Strategic agency to support regime change",2016,"Environmental Science & Policy","Elsevier","https://www.sciencedirect.com/science/article/pii/S1462901116305457","https://scholar.google.com/scholar?cites=9660433826691784268&as_sdt=5,28&sciodt=0,28&hl=en",105,"2019-02-04","","","","",,,,,11,3.67,4,3,3
0,"H Nishikawa, EN Curchitser, J Fiechter, ...","Using a climate-to-fishery model to simulate the influence of the 1976–1977 regime shift on anchovy and sardine in the California Current System",2019,"… and Planetary Science","Springer","https://link.springer.com/article/10.1186/s40645-019-0257-2","",106,"2019-02-04","HTML","","","",,,,,0,0.00,0,4,1
359,"J Verbesselt, R Hyndman, A Zeileis, ...","Phenological change detection while accounting for abrupt and gradual trends in satellite image time series",2010,"… Sensing of Environment","Elsevier","https://www.sciencedirect.com/science/article/pii/S0034425710002336","https://scholar.google.com/scholar?cites=13047717591266370513&as_sdt=5,28&sciodt=0,28&hl=en",107,"2019-02-04","","","","",,,,,359,39.89,90,4,9
224,"TJ Crowley, GR North","Abrupt climate change and extinction events in earth history",1988,"Science","science.sciencemag.org","http://science.sciencemag.org/content/240/4855/996.short","https://scholar.google.com/scholar?cites=5227818909556172107&as_sdt=5,28&sciodt=0,28&hl=en",108,"2019-02-04","","","","",,,,,224,7.23,112,2,31
32,"C Papadaki, K Soulis, R Muñoz-Mas, ...","Potential impacts of climate change on flow regime and fish habitat in mountain rivers of the south-western Balkans",2016,"… of the Total Environment","Elsevier","https://www.sciencedirect.com/science/article/pii/S0048969715303338","https://scholar.google.com/scholar?cites=9898858271193069935&as_sdt=5,28&sciodt=0,28&hl=en",109,"2019-02-04","","","","",,,,,32,10.67,8,4,3
16,"A Stinca, GB Chirico, G Incerti, G Bonanomi","Regime shift by an exotic nitrogen-fixing shrub mediates plant facilitation in primary succession",2015,"PLoS One","journals.plos.org","http://journals.plos.org/plosone/article?id=10.1371/journal.pone.0123128","https://scholar.google.com/scholar?cites=1944163816879759854&as_sdt=5,28&sciodt=0,28&hl=en",110,"2019-02-04","HTML","","","",,,,,16,4.00,4,4,4
3,"WJ Calder, B Shuman","Extensive wildfires, climate change, and an abrupt state change in subalpine ribbon forests, Colorado",2017,"Ecology","Wiley Online Library","https://esajournals.onlinelibrary.wiley.com/doi/abs/10.1002/ecy.1959","https://scholar.google.com/scholar?cites=8078908069401501085&as_sdt=5,28&sciodt=0,28&hl=en",111,"2019-02-04","","","","",,,,,3,1.50,2,2,2
106,"CM Duarte, TM Lenton, P Wadhams, ...","Abrupt climate change in the Arctic",2012,"Nature Climate …","nature.com","https://www.nature.com/articles/nclimate1386","https://scholar.google.com/scholar?cites=1996872954390598469&as_sdt=5,28&sciodt=0,28&hl=en",112,"2019-02-04","","","","",,,,,106,15.14,27,4,7
95,"HE Hale","Regime change cascades: What we have learned from the 1848 revolutions to the 2011 Arab uprisings",2013,"Annual Review of Political Science","annualreviews.org","https://www.annualreviews.org/doi/abs/10.1146/annurev-polisci-032211-212204","https://scholar.google.com/scholar?cites=3375245878805030946&as_sdt=5,28&sciodt=0,28&hl=en",113,"2019-02-04","","","","",,,,,95,15.83,95,1,6
40,"H Kidokoro, T Goto, T Nagasawa, ...","Impact of a climate regime shift on the migration of Japanese common squid (Todarodes pacificus) in the Sea of Japan",2010,"… of Marine Science","academic.oup.com","https://academic.oup.com/icesjms/article-abstract/67/7/1314/662573","https://scholar.google.com/scholar?cites=10259784420765520831&as_sdt=5,28&sciodt=0,28&hl=en",114,"2019-02-04","","","","",,,,,40,4.44,10,4,9
28,"K Fujita","Financial crises, Japan's state regime shift, and Tokyo's urban policy",2011,"Environment and Planning A","journals.sagepub.com","http://journals.sagepub.com/doi/abs/10.1068/a43111","https://scholar.google.com/scholar?cites=14517203581963689962&as_sdt=5,28&sciodt=0,28&hl=en",115,"2019-02-04","","","","",,,,,28,3.50,28,1,8
0,"B Ghosh, J Schot","Towards a novel regime change framework: Studying mobility transitions in public transport regimes in an Indian megacity",2019,"Energy Research & Social Science","Elsevier","https://www.sciencedirect.com/science/article/pii/S2214629618304547","",116,"2019-02-04","","","","",,,,,0,0.00,0,2,1
5,"J Tan, SA Cheong","The regime shift associated with the 2004–2008 US housing market bubble",2016,"PloS one","journals.plos.org","http://journals.plos.org/plosone/article?id=10.1371/journal.pone.0162140","https://scholar.google.com/scholar?cites=13814310836210059562&as_sdt=5,28&sciodt=0,28&hl=en",117,"2019-02-04","HTML","","","",,,,,5,1.67,3,2,3
9,"RF Tusalem, MKC Morrison","The impact of diamonds on economic growth, adverse regime change, and democratic state-building in Africa",2014,"International Political Science …","journals.sagepub.com","http://journals.sagepub.com/doi/abs/10.1177/0192512113496682","https://scholar.google.com/scholar?cites=10900972958043550750&as_sdt=5,28&sciodt=0,28&hl=en",118,"2019-02-04","","","","",,,,,9,1.80,5,2,5
0,"DC Lund","Regional Abrupt Climate Change Assessment in the US: Comparing the Colorado and Columbia River Basins",2000,"","Belfer Center for Science and …","","",119,"2019-02-04","CITATION","","","",,,,,0,0.00,0,1,19
77,"BN Shuman, P Newby, JP Donnelly","Abrupt climate change as an important agent of ecological change in the Northeast US throughout the past 15,000 years",2009,"Quaternary Science Reviews","Elsevier","https://www.sciencedirect.com/science/article/pii/S027737910900122X","https://scholar.google.com/scholar?cites=12791966158314518991&as_sdt=5,28&sciodt=0,28&hl=en",120,"2019-02-04","","","","",,,,,77,7.70,26,3,10
0,"LKD Kristof","The East European Gypsies: Regime Change, Marginality, and Ethnopolitics. By Zoltan Barany. Cambridge: Cambridge University Press, 2001. 384p. $70.00 cloth …",2002,"American Political Science Review","cambridge.org","https://www.cambridge.org/core/journals/american-political-science-review/article/east-european-gypsies-regime-change-marginality-and-ethnopolitics-by-zoltan-barany-cambridge-cambridge-university-press-2001-384p-7000-cloth-2500-paper/246870F710AD0B326B64FFAB7BD903CB","",121,"2019-02-04","","","","",,,,,0,0.00,0,1,17
0,"JJ Savelsberg, S McElrath","Crime, Law, and Regime Change",2014,"… Review of Law and Social Science","annualreviews.org","https://www.annualreviews.org/doi/abs/10.1146/annurev-lawsocsci-110413-030555","",122,"2019-02-04","","","","",,,,,0,0.00,0,2,5
7,"E Wiik, H Bennion, CD Sayer, TA Davidson, ...","The coming and going of a marl lake: multi-indicator palaeolimnology reveals abrupt ecological change and alternative views of reference conditions",2015,"Frontiers in Ecology …","frontiersin.org","https://www.frontiersin.org/articles/10.3389/fevo.2015.00082","https://scholar.google.com/scholar?cites=1600881247178102692&as_sdt=5,28&sciodt=0,28&hl=en",123,"2019-02-04","HTML","","","",,,,,7,1.75,1,5,4
2,"M Scheffer, V Dakos, EH van Nes","Slowing down as an early warning signal for abrupt climate change",2009,"… and Environmental Science","iopscience.iop.org","http://iopscience.iop.org/article/10.1088/1755-1307/6/6/062012/meta","https://scholar.google.com/scholar?cites=601712395774774561&as_sdt=5,28&sciodt=0,28&hl=en",124,"2019-02-04","CITATION","","","",,,,,2,0.20,1,3,10
0,"FA Galgano","Abrupt Climate Change",2019,"The Environment-Conflict Nexus","Springer","https://link.springer.com/chapter/10.1007/978-3-319-90975-2_4","",125,"2019-02-04","","","","",,,,,0,0.00,0,1,1
20,"N Paquette, K Gajewski","Climatic change causes abrupt changes in forest composition, inferred from a high-resolution pollen record, southwestern Quebec, Canada",2013,"Quaternary Science Reviews","Elsevier","https://www.sciencedirect.com/science/article/pii/S0277379113002199","https://scholar.google.com/scholar?cites=258067127960340155&as_sdt=5,28&sciodt=0,28&hl=en",126,"2019-02-04","","","","",,,,,20,3.33,10,2,6
4,"M Pfeiffer, JO Kaplan","Response of terrestrial N2O and NOx emissions to abrupt climate change",2010,"… Series: Earth and Environmental Science","iopscience.iop.org","http://iopscience.iop.org/article/10.1088/1755-1315/9/1/012001/meta","https://scholar.google.com/scholar?cites=6501127850785534863&as_sdt=5,28&sciodt=0,28&hl=en",127,"2019-02-04","","","","",,,,,4,0.44,2,2,9
34,"J Bai, Q Ge, J Dai","The response of first flowering dates to abrupt climate change in Beijing",2011,"Advances in Atmospheric Sciences","Springer","https://link.springer.com/article/10.1007/s00376-010-9219-8","https://scholar.google.com/scholar?cites=11827707607693556189&as_sdt=5,28&sciodt=0,28&hl=en",128,"2019-02-04","","","","",,,,,34,4.25,11,3,8
10,"M Santhanam-Martin, M Ayre, R Nettle","Community sustainability and agricultural landscape change: insights into the durability and vulnerability of the productivist regime",2015,"Sustainability Science","Springer","https://link.springer.com/article/10.1007/s11625-014-0268-2","https://scholar.google.com/scholar?cites=16976163431710837069&as_sdt=5,28&sciodt=0,28&hl=en",129,"2019-02-04","HTML","","","",,,,,10,2.50,3,3,4
1,"KD Friedland, MJ Miller, B Knights","Ocean-climate change, regime shifts and possible impacts on the recruitment of the European eel, Anguilla anguilla",2007,"ICES Journal of Marine Science","ices.dk","http://www.ices.dk/sites/pub/CM%20Doccuments/2006/C/C1806.pdf","https://scholar.google.com/scholar?cites=7565831677009897807&as_sdt=5,28&sciodt=0,28&hl=en",130,"2019-02-04","PDF","","","",,,,,1,0.08,0,3,12
45,"DG Gavin, ACG Henderson, KS Westover, ...","Abrupt Holocene climate change and potential response to solar forcing in western Canada",2011,"Quaternary Science …","Elsevier","https://www.sciencedirect.com/science/article/pii/S0277379111000758","https://scholar.google.com/scholar?cites=2331827169729312692&as_sdt=5,28&sciodt=0,28&hl=en",131,"2019-02-04","","","","",,,,,45,5.63,11,4,8
111,"WH Berger, LD Labeyrie","Abrupt climatic change: evidence and implications",1987,"","books.google.com","https://books.google.com/books?hl=en&lr=&id=MAvk4Ewxl6wC&oi=fnd&pg=PR11&dq=source:science+OR+source:ecology+OR+source:ecological+OR+source:environment+OR+source:nature+%22(regime+change%22+OR+%22regime+shift%22+OR+%22abrupt+change)%22+method,+(ecological+or+ecology)&ots=RUUkE_G7lJ&sig=dTAnbm5RHaxuXlfPAzA-FPySzhg","https://scholar.google.com/scholar?cites=17100938401785481735&as_sdt=5,28&sciodt=0,28&hl=en",132,"2019-02-04","BOOK","","","",,,,,111,3.47,56,2,32
404,"GH Denton, RB Alley, GC Comer, ...","The role of seasonality in abrupt climate change",2005,"Quaternary Science …","Elsevier","https://www.sciencedirect.com/science/article/pii/S027737910500003X","https://scholar.google.com/scholar?cites=2065249305296320676&as_sdt=5,28&sciodt=0,28&hl=en",133,"2019-02-04","","","","",,,,,404,28.86,101,4,14
73,"NAN Bertler, PA Mayewski, L Carter","Cold conditions in Antarctica during the Little Ice Age—Implications for abrupt climate change mechanisms",2011,"Earth and Planetary Science Letters","Elsevier","https://www.sciencedirect.com/science/article/pii/S0012821X11002925","https://scholar.google.com/scholar?cites=5501327121388443379&as_sdt=5,28&sciodt=0,28&hl=en",134,"2019-02-04","","","","",,,,,73,9.13,24,3,8
0,"DC Lund","Asthenumber and resolution of paleoclimatic and historical climate observations have improved over the past two decades, so too has our knowledge that climate is …",2006,"Assessments of Regional and Global Environmental …","books.google.com","https://books.google.com/books?hl=en&lr=&id=UBktAH8qxz8C&oi=fnd&pg=PA138&dq=source:science+OR+source:ecology+OR+source:ecological+OR+source:environment+OR+source:nature+%22(regime+change%22+OR+%22regime+shift%22+OR+%22abrupt+change)%22+method,+(ecological+or+ecology)&ots=LY7p8XSDKn&sig=T94N9kCK5E8u5DGefhA_Wn9eYFI","",135,"2019-02-04","","","","",,,,,0,0.00,0,1,13
13,"A Moreno, M Canals","The role of dust in abrupt climate change: insights from offshore Northwest Africa and Alboran Sea sediment records",2004,"Contributions to Science","publicacions.iec.cat","https://publicacions.iec.cat/repository/pdf/00000023/00000001.pdf","https://scholar.google.com/scholar?cites=715139796754246515&as_sdt=5,28&sciodt=0,28&hl=en",136,"2019-02-04","PDF","","","",,,,,13,0.87,7,2,15
21,"J Lynch-Stieglitz","The Atlantic meridional overturning circulation and abrupt climate change",2017,"Annual review of marine science","annualreviews.org","https://www.annualreviews.org/doi/abs/10.1146/annurev-marine-010816-060415","https://scholar.google.com/scholar?cites=2617944837474072478&as_sdt=5,28&sciodt=0,28&hl=en",137,"2019-02-04","","","","",,,,,21,10.50,21,1,2
0,"MC Artigas, AM Caballud","The Role of dust in abrupt climate change: insights from offshore Northwest Africa and Alboran Sea sediments records",2005,"Contributions to science","raco.cat","https://www.raco.cat/index.php/Contributions/article/view/157744","",138,"2019-02-04","","","","",,,,,0,0.00,0,2,14
0,"M Canals i Artigas, A Moreno Caballud","The Role of dust in abrupt climate change: insights from offshore Northwest Africa and Alboran Sea sediments records",2004,"Contributions to Science","revistes.iec.cat","http://revistes.iec.cat/index.php/CtS/article/viewArticle/326","",139,"2019-02-04","","","","",,,,,0,0.00,0,2,15
2,"A Saab","A legal inquiry into hunger and climate change: climate-ready seeds in the neoliberal food regime",2015,"","etheses.lse.ac.uk","http://etheses.lse.ac.uk/id/eprint/3201","https://scholar.google.com/scholar?cites=3305556763559494257&as_sdt=5,28&sciodt=0,28&hl=en",140,"2019-02-04","","","","",,,,,2,0.50,2,1,4
